{"cameraMode":{"drawMode":0,"name":"Shaded","section":"Shading Mode"},"sceneLighting":false,"audioPlay":false,"sceneViewState":{"m_AlwaysRefresh":false,"showFog":true,"showSkybox":false,"showFlares":true,"showImageEffects":true,"showParticleSystems":true,"showVisualEffectGraphs":true,"m_FxEnabled":true},"in2DMode":false,"pivot":{"x":0.16664540767669679,"y":0.04810820147395134,"z":-0.01953277364373207},"rotation":{"x":-0.10624810308218003,"y":0.5479376912117004,"z":-0.07041548937559128,"w":-0.8267715573310852},"size":0.1620185226202011,"orthographic":false}