{"cameraMode":{"drawMode":0,"name":"Shaded","section":"Shading Mode"},"sceneLighting":false,"audioPlay":false,"sceneViewState":{"m_AlwaysRefresh":false,"showFog":true,"showSkybox":false,"showFlares":true,"showImageEffects":true,"showParticleSystems":true,"showVisualEffectGraphs":true,"m_FxEnabled":true},"in2DMode":false,"pivot":{"x":-1.4537872076034547,"y":4.4878411293029789,"z":0.27662193775177},"rotation":{"x":0.13354864716529847,"y":0.13986682891845704,"z":-0.019076282158493997,"w":0.9809970259666443},"size":0.8660253882408142,"orthographic":false}